{
  "test_date": "2026-03-21 22:55:46",
  "test_queries_count": 30,
  "rule_based": {
    "correct": 23,
    "total": 30,
    "by_category": {
      "TECHNICAL": {
        "correct": 14,
        "total": 15,
        "accuracy": 0.9333333333333333
      },
      "SUPPORT": {
        "correct": 9,
        "total": 15,
        "accuracy": 0.6
      }
    },
    "latencies": [
      0.9330000029876828,
      0.036699988413602114,
      0.02559996210038662,
      0.02500001573935151,
      0.02770003629848361,
      0.02800003858283162,
      0.02540001878514886,
      0.024500011932104826,
      0.02099998528137803,
      0.02819998189806938,
      0.02759997732937336,
      0.02559996210038662,
      0.020799983758479357,
      0.023900007363408804,
      0.025799963623285294,
      0.02559996210038662,
      0.030399998649954796,
      0.020799983758479357,
      0.026600027922540903,
      0.05169998621568084,
      0.03270001616328955,
      0.05779997445642948,
      0.047900015488266945,
      0.039300008211284876,
      0.05259999306872487,
      0.03549997927621007,
      0.04279997665435076,
      0.06160000339150429,
      0.05169998621568084,
      0.036699988413602114
    ],
    "errors": [],
    "accuracy": 0.7666666666666667,
    "avg_latency_ms": 0.06374999453934531
  },
  "llm_based": {
    "correct": 30,
    "total": 30,
    "by_category": {
      "TECHNICAL": {
        "correct": 15,
        "total": 15,
        "accuracy": 1.0
      },
      "SUPPORT": {
        "correct": 15,
        "total": 15,
        "accuracy": 1.0
      }
    },
    "latencies": [
      517,
      269,
      251,
      291,
      248,
      208,
      214,
      190,
      345,
      260,
      245,
      323,
      319,
      291,
      414,
      223,
      187,
      248,
      299,
      2489,
      4353,
      3382,
      4424,
      3528,
      3422,
      4452,
      3359,
      4382,
      3436,
      4290
    ],
    "errors": [],
    "accuracy": 1.0,
    "avg_latency_ms": 1561.9666666666667
  },
  "hybrid": {
    "correct": 30,
    "total": 30,
    "by_category": {
      "TECHNICAL": {
        "correct": 15,
        "total": 15,
        "accuracy": 1.0
      },
      "SUPPORT": {
        "correct": 15,
        "total": 15,
        "accuracy": 1.0
      }
    },
    "by_method": {
      "rules_only": 19,
      "llm_fallback": 11
    },
    "latencies": [
      3506,
      0,
      3439,
      0,
      0,
      0,
      0,
      2313,
      0,
      0,
      0,
      0,
      4381,
      3349,
      3396,
      0,
      0,
      2349,
      0,
      0,
      4314,
      0,
      0,
      0,
      3606,
      4436,
      0,
      0,
      3384,
      0
    ],
    "errors": [],
    "accuracy": 1.0,
    "avg_latency_ms": 1282.4333333333334
  }
}